{
  "dist": [
    -0.2855155011361774,
    0.16747685762501796,
    -0.00016507848483947833,
    4.1099937897647344e-05,
    -0.01031663561445749
  ],
  "K": [
    [
      867.442063455887,
      0.0,
      957.9383422499869
    ],
    [
      0.0,
      881.5048712400882,
      536.3148941882497
    ],
    [
      0.0,
      0.0,
      1.0
    ]
  ],
  "R": [
    [
      -0.9975147045095482,
      -0.036040275300308885,
      0.060543478951141205
    ],
    [
      -0.06802848155013964,
      0.716367197095361,
      -0.6943991392734571
    ],
    [
      -0.01834502617091799,
      -0.6967920331648563,
      -0.7170385781342412
    ]
  ],
  "t": [
    0.2507601891369333,
    0.2816698952336445,
    21.888994907079393
  ]
}