{
  "View_001": {
    "K": [
      [
        1202.1676921358555,
        0.0,
        266.532723211221
      ],
      [
        0.0,
        1198.5077970267237,
        274.49384617577846
      ],
      [
        0.0,
        0.0,
        1.0
      ]
    ],
    "dist": [
      -0.17791063496087872,
      0.045021224163237526,
      0.0009642359104764989,
      0.00861376722663475,
      -2.582823134276058e-13
    ],
    "R": [
      [
        0.5938529963124496,
        -0.8019502420853217,
        -0.06491862590982767
      ],
      [
        -0.2623997816382459,
        -0.11676961195083987,
        -0.9578680557994672
      ],
      [
        0.7605819964783068,
        0.5858674482714877,
        -0.279775552343175
      ]
    ],
    "t": [
      2341.5742643805156,
      -2972.1812496551975,
      35548.7898409327
    ]
  },
  "View_003": {
    "K": [
      [
        1386.0788724031288,
        0.0,
        292.61233287671865
      ],
      [
        0.0,
        1414.0914894857704,
        277.6581533028731
      ],
      [
        0.0,
        0.0,
        1.0
      ]
    ],
    "dist": [
      0.4763809237318813,
      0.4273592876628812,
      -0.012453504208275163,
      -0.02549141843391007,
      -1.3500460139476543e-12
    ],
    "R": [
      [
        0.7921187195596687,
        -0.608430996342756,
        0.048576298876228254
      ],
      [
        -0.04461319347762792,
        -0.13708672227553742,
        -0.9895538861241855
      ],
      [
        0.6087344224626032,
        0.7816770133917915,
        -0.1357330086751558
      ]
    ],
    "t": [
      5126.161766143017,
      -250.9578770040198,
      49325.783693474164
    ]
  },
  "View_004": {
    "K": [
      [
        4669.697235104404,
        0.0,
        179.53415865226285
      ],
      [
        0.0,
        4826.461144122227,
        -7.680799788928205
      ],
      [
        0.0,
        0.0,
        1.0
      ]
    ],
    "dist": [
      -0.7857289019417532,
      -0.7558266936074993,
      0.039425272076316964,
      0.05753154794908,
      0.0
    ],
    "R": [
      [
        -0.930664193946577,
        0.3656020884216956,
        0.014116339733209955
      ],
      [
        -0.019270444159824998,
        -0.010452252134312102,
        -0.9997596713246663
      ],
      [
        -0.3653666762139806,
        -0.9307125567902345,
        0.016772851437151532
      ]
    ],
    "t": [
      1059.2643747261063,
      7323.719317794342,
      99619.42495842159
    ]
  },
  "View_005": {
    "K": [
      [
        817.7618506087198,
        0.0,
        276.96852172693235
      ],
      [
        0.0,
        837.2229890405863,
        327.2315865513115
      ],
      [
        0.0,
        0.0,
        1.0
      ]
    ],
    "dist": [
      -0.2913734403726787,
      0.10744168860349187,
      0.0013473012085951485,
      -0.01196539134636463,
      1.4832364368860024e-13
    ],
    "R": [
      [
        -0.42518306006865214,
        -0.9050912755278566,
        0.005398925264753571
      ],
      [
        -0.2186657385098731,
        0.09693028324592853,
        -0.9709736427894404
      ],
      [
        0.8782964535010881,
        -0.4140221046673977,
        -0.23912556662596676
      ]
    ],
    "t": [
      -7935.710996633472,
      -900.7108116897207,
      12707.67294462082
    ]
  },
  "View_006": {
    "K": [
      [
        924.0340632637067,
        0.0,
        544.2586578404367
      ],
      [
        0.0,
        906.1449760240632,
        191.78614230464643
      ],
      [
        0.0,
        0.0,
        1.0
      ]
    ],
    "dist": [
      -0.3028521307376004,
      0.14941745589403713,
      0.0016767596854521578,
      -0.0017347875694432597,
      -1.9792747727684422e-12
    ],
    "R": [
      [
        0.21267409018678762,
        -0.9771056625717928,
        0.005852822683149524
      ],
      [
        -0.15123737578015878,
        -0.038834393001847586,
        -0.9877343499581804
      ],
      [
        0.9653481172770544,
        0.20918033868008765,
        -0.1560339654669152
      ]
    ],
    "t": [
      -9248.91513192008,
      -585.55331890039,
      18723.380543428633
    ]
  },
  "View_007": {
    "K": [
      [
        746.8186304639443,
        0.0,
        496.16657112653394
      ],
      [
        0.0,
        768.0070299179838,
        277.9597509483855
      ],
      [
        0.0,
        0.0,
        1.0
      ]
    ],
    "dist": [
      1.2000000000019997,
      -0.3006702441887843,
      0.05415067853861548,
      0.12467230039727474,
      2.2420128970076663e-17
    ],
    "R": [
      [
        0.9604777229755967,
        0.276824560884519,
        0.029166867481894062
      ],
      [
        0.08752181631257314,
        -0.20086587349712504,
        -0.9757012004366836
      ],
      [
        -0.2642394280514577,
        0.9396920045181455,
        -0.21715538516856653
      ]
    ],
    "t": [
      7319.226947928964,
      -953.3506006406378,
      14947.310443064147
    ]
  },
  "View_008": {
    "K": [
      [
        783.1298750363927,
        0.0,
        607.3134128259352
      ],
      [
        0.0,
        760.6198368655446,
        436.57828458572254
      ],
      [
        0.0,
        0.0,
        1.0
      ]
    ],
    "dist": [
      -0.29104986278775996,
      0.09867038045626807,
      -0.006339510096675179,
      0.0007658776069491951,
      -1.0195745300474717e-12
    ],
    "R": [
      [
        -0.2482512028430964,
        0.9651228944947302,
        0.08312122959310636
      ],
      [
        0.3435794183047525,
        0.16795436594136384,
        -0.9239829621148882
      ],
      [
        -0.9057176842727122,
        -0.20082113803917254,
        -0.3732912360507916
      ]
    ],
    "t": [
      3203.2571806545584,
      2004.2496216816398,
      204.32847956319893
    ]
  }
}