{
  "View_001": {
    "K": [
      [
        1125.8236906695045,
        0.0,
        289.70640779598557
      ],
      [
        0.0,
        1138.9890203787324,
        258.4500241381447
      ],
      [
        0.0,
        0.0,
        1.0
      ]
    ],
    "dist": [
      -0.14988085238733614,
      0.04710693223566513,
      0.001241571248317241,
      0.0037717506846197926,
      6.955494674409888e-13
    ],
    "R": [
      [
        0.5955009556019861,
        -0.8011119067498077,
        -0.05998603788223539
      ],
      [
        -0.24405263946137604,
        -0.1092629036673589,
        -0.9635870106296126
      ],
      [
        0.765386778726323,
        0.5884567365115851,
        -0.26057963889198626
      ]
    ],
    "t": [
      1922.7173277390089,
      -2440.828743385048,
      34426.054423720176
    ]
  },
  "View_003": {
    "K": [
      [
        1314.5477349372622,
        0.0,
        345.96847897884027
      ],
      [
        0.0,
        1352.2230096257533,
        282.3181430151352
      ],
      [
        0.0,
        0.0,
        1.0
      ]
    ],
    "dist": [
      0.46014344178982636,
      0.5241385414156317,
      -0.01507944115716052,
      -0.009937851277199419,
      2.2089019230058117e-13
    ],
    "R": [
      [
        0.7883411879265952,
        -0.6126654538409244,
        0.05620687758966154
      ],
      [
        -0.03160872500732655,
        -0.13156999798492536,
        -0.9908028179883512
      ],
      [
        0.6144257969209108,
        0.7793140427967029,
        -0.12308762235888247
      ]
    ],
    "t": [
      3566.214559268835,
      -249.04742951516118,
      47855.27089323864
    ]
  },
  "View_004": {
    "K": [
      [
        4769.699951881463,
        0.0,
        231.3981620798354
      ],
      [
        0.0,
        4883.501164348046,
        82.19676951669933
      ],
      [
        0.0,
        0.0,
        1.0
      ]
    ],
    "dist": [
      -0.058566886468061005,
      -1.4997389062351383,
      -0.006957209349964556,
      0.0007292512789357088,
      0.0
    ],
    "R": [
      [
        -0.9412358662278045,
        0.3377354791518339,
        0.0031289372757926383
      ],
      [
        0.0030825509306423643,
        0.017853709643685385,
        -0.9998358579945604
      ],
      [
        -0.3377359057105932,
        -0.941071724776619,
        -0.017845638677424273
      ]
    ],
    "t": [
      -404.4343262663933,
      5687.364293232424,
      100187.331376567
    ]
  },
  "View_005": {
    "K": [
      [
        829.5025245207861,
        0.0,
        229.37956844605387
      ],
      [
        0.0,
        828.9242458092625,
        337.52482921882836
      ],
      [
        0.0,
        0.0,
        1.0
      ]
    ],
    "dist": [
      -0.29954841000906884,
      0.12272493549973842,
      0.0002295502955245121,
      0.005180028049820038,
      -9.99999999998425e-13
    ],
    "R": [
      [
        -0.3951698117298784,
        -0.9185534718041373,
        -0.010016952327871833
      ],
      [
        -0.21664128066278776,
        0.10378681292056045,
        -0.9707187301049568
      ],
      [
        0.8926966872404982,
        -0.3814286524375941,
        -0.24001001581076006
      ]
    ],
    "t": [
      -7306.554992874371,
      -958.8921438446409,
      13004.474712748084
    ]
  },
  "View_006": {
    "K": [
      [
        869.2973294595292,
        0.0,
        518.5338186187946
      ],
      [
        0.0,
        862.6341785715111,
        196.05651562938303
      ],
      [
        0.0,
        0.0,
        1.0
      ]
    ],
    "dist": [
      -0.2622900015233277,
      0.12316853365042803,
      -0.00012254356409918525,
      0.006709026956483653,
      -9.999999999999998e-13
    ],
    "R": [
      [
        0.2331763255841894,
        -0.9724332895668215,
        0.0015160901379621104
      ],
      [
        -0.1428665488304448,
        -0.03579952825463673,
        -0.9890943044027822
      ],
      [
        0.9618825034339354,
        0.23041677699116406,
        -0.14727579050431192
      ]
    ],
    "t": [
      -8845.9395412925,
      -550.2571647148588,
      18392.555888378578
    ]
  },
  "View_007": {
    "K": [
      [
        794.3410289059808,
        0.0,
        499.0538384259433
      ],
      [
        0.0,
        777.3569889142794,
        253.5400826341497
      ],
      [
        0.0,
        0.0,
        1.0
      ]
    ],
    "dist": [
      1.0263588981095102,
      1.5000000000009999,
      -0.003951379337039993,
      0.13637604199956643,
      9.999999999999998e-13
    ],
    "R": [
      [
        0.9557350327829216,
        0.2921323612805601,
        0.03506038511015531
      ],
      [
        0.08568623607917518,
        -0.16235379925738003,
        -0.983005143838667
      ],
      [
        -0.28147542709446577,
        0.9424966458080044,
        -0.18019893613073687
      ]
    ],
    "t": [
      7400.517500385613,
      -347.3285580349948,
      15007.785103229957
    ]
  },
  "View_008": {
    "K": [
      [
        741.9158175264031,
        0.0,
        600.1737564065434
      ],
      [
        0.0,
        742.3343518319233,
        396.4221688168965
      ],
      [
        0.0,
        0.0,
        1.0
      ]
    ],
    "dist": [
      -0.3136425174635173,
      0.11572334228039567,
      -0.0006734254138747952,
      -0.002768616346863154,
      -9.999999999999998e-13
    ],
    "R": [
      [
        -0.2531440867551882,
        0.9636169110971363,
        0.08579347287816042
      ],
      [
        0.3255607240721696,
        0.16836249484650678,
        -0.9304108153233518
      ],
      [
        -0.9110039990485698,
        -0.20759701100130004,
        -0.356335789306715
      ]
    ],
    "t": [
      3203.132889214893,
      2318.170926100229,
      -136.33341800537528
    ]
  }
}